1.764052345967664026e+00,5.668253306417510018e-01,3.881111487030992069e-01,1.503290466815247362e+00,8.868799341234355482e-02,6.959789602137427256e-01,1.266203874262536777e+00,-1.513572082976978872e-01,6.442202609814373648e-03,4.105985019383723289e-01,-9.570080983896156468e-02,1.454273506962975082e+00,7.610377251469934157e-01,1.680749540493523542e-01,3.992360960945934845e-01,9.967627535361750502e-01,7.367988606692933429e-01,-2.051582637658008745e-01,3.623067841901539965e-01,-4.207272081801458063e-01
-2.552989815834078691e+00,1.329441135539805030e-01,-9.405519583242168968e-01,-2.919229988590773539e-01,-7.304852571535548345e-01,2.570005082274415820e-01,-1.472023490759958864e-01,-1.871838500258335980e-01,2.394852306373077000e-01,1.469358769900285022e+00,1.570109792631735057e-01,3.781625196021735635e-01,-8.877857476301127537e-01,-1.011579161514397418e+00,-2.526740993614340902e-01,7.700299471746889779e-01,6.022876343445537906e-01,1.202379848784411287e+00,-3.103824070956561765e-01,-3.983776209618755670e-02
-1.048552965067092613e+00,-6.947858390937401429e-01,-1.158195162044439508e+00,1.201635350708093464e-01,-1.155984288770140145e+00,-3.255509786329318089e-01,-4.682474199809345539e-01,7.774903558319100627e-01,-1.352232956822059240e+00,-2.127402802139687077e-01,-3.554641842813252017e-01,3.869024978592620068e-01,-5.108051375688730245e-01,-1.161052891575487855e+00,-5.377977295355051979e-01,2.215806430177034991e-01,1.063249074460219379e-02,3.024718977397813924e-01,-5.791653141692730822e-01,-3.585828907266735976e-01
-6.724604477759510424e-01,-3.526873235565203268e-02,-8.636053938075547443e-01,-1.671377313551315691e+00,-9.560132106710039768e-01,-8.055205536942672273e-01,-1.653729185014770842e+00,4.627822555257741777e-01,-9.351354194048203672e-01,5.194539579613895175e-02,-4.724737037044646204e-02,1.289829107574106681e-01,1.139400684543300679e+00,-9.845932042379927918e-01,-1.127677738211493169e-01,-7.910884099354952292e-01,-6.167124502022711674e-01,-5.788496647644154613e-01,-1.979612416666736152e-01,-2.927636398935645756e-03
-1.165149840783356483e+00,4.831356485762542397e-01,7.619282196333294621e-01,1.519817511527588039e-02,6.119908178236276308e-01,5.040998567008522224e-01,5.138759162771509015e-01,-1.799248358123509139e-01,-1.091849418910167957e-01,1.054451726931136646e+00,1.582267327008749780e-01,1.222445070382427446e+00,2.082749780768602954e-01,7.156863849594885529e-01,2.562951827180821596e-01,3.088170839227323272e-01,2.689512810391307962e-01,1.785870493905835188e+00,2.008452869975983213e-01,2.626964315910864101e-01
1.883150697056254375e+00,-7.118315493622341394e-01,6.837852062868270409e-01,1.791020287764348851e-01,1.674040500807740806e+00,1.308247587310233939e+00,-7.492126102478607885e-02,-7.474548114407577604e-01,1.780712583238873936e+00,1.480514791434424327e+00,1.101976348183405285e+00,9.060446582753852729e-01,-8.612256850547025389e-01,1.474880430121427999e+00,1.273512946690002756e-01,8.851967226405967892e-01,9.875722657668297710e-01,-1.550100930908341890e-01,3.359490413877488368e-01,1.024932201061885984e+00
3.764255311556294337e-01,-4.922334534570151909e-01,-4.757963759077235566e-02,3.197919261677916181e-01,1.124529835168349562e-01,3.295360776422719962e-01,-3.756135784820868739e-03,1.849263728479341840e+00,3.523851721578066254e-01,4.074618362411104311e-01,-6.248138186751575063e-01,5.392491912918172536e-01,-6.743326606573760706e-01,5.845312065002593316e-02,-1.104547331363353591e-02,6.193804501856090550e-01,2.808905490128027482e-01,-2.082987555779948763e-01,1.634054635329145189e-01,-8.254914001274495927e-01
-1.491257592705605539e+00,6.526401167222606325e-02,-4.256540711027128054e-01,-2.494563701571878567e-01,-5.077901038109423615e-01,6.929110195135634864e-01,-5.337560224230324391e-01,1.117016288095852961e+00,-8.541260923969047347e-01,-4.615846048147089764e-01,1.319378294922957107e-02,1.713342721649366629e+00,-7.447548220484399017e-01,-5.462024205687769918e-01,-6.577964662708783994e-01,3.594441184771008380e-01,3.700387509872041791e-01,-1.079931508363423331e+00,-8.676559746166887521e-01,-1.800978574909120056e-01
-4.980324506923048955e-01,-4.080844949040929315e-03,-1.986306018257296691e-01,-5.340296664860980647e-01,-8.891022037082879637e-02,-3.257780908919095664e-01,-7.338235297304409599e-01,-1.544771096777611596e+00,4.583497850819414632e-01,3.169426119248496265e-01,-1.762796129300269604e-02,3.187276529430211891e-01,8.568306119026911638e-01,-2.190261986121078697e-01,-4.512666492639649252e-01,-1.669793002643547020e-01,-1.971684075954175386e-01,-6.895497777502005432e-01,-4.530948725154127499e-01,-2.582052585262941020e-03
-3.539939112534839505e-01,-1.111476730585256312e-01,-8.129174620194254963e-01,-1.583963259198154727e+00,-9.675289903156089055e-01,-9.017819082174183265e-02,-1.378429007868281486e+00,5.216507926097440490e-02,-8.698292786337677995e-01,1.543014595406735801e+00,7.152766736994273788e-01,2.670508693491829288e-01,-3.928281822749560281e-02,-9.665033214845087928e-01,1.305027029549852724e+00,3.675033158839893233e-01,4.364601181259478713e-01,8.235041539637314445e-01,1.672830852291640191e+00,9.815272204438407755e-01
-3.691818379424435803e-01,-3.143467880254895430e-01,-1.415297918760869411e-01,2.669266706531501221e-01,-3.172925452803728175e-01,-3.844221740873943194e-01,1.421040442022562245e-01,-7.380309092056887010e-01,-6.134234057025376996e-02,-9.815038964295794144e-02,1.388605093877152141e-01,3.172182151913020554e-01,7.863279621089761529e-01,-3.016391967548360808e-01,1.040581078770892454e+00,-1.854615335790582853e-01,-1.136586799834764933e-01,3.791517355550818036e-01,1.562893023879446730e+00,6.123865465270467850e-02
-9.559450004927769751e-01,-8.377570564910441497e-01,-5.257239090586668384e-02,2.957815104545555851e-01,-2.318608841004082821e-02,8.599324925028738464e-01,2.360922365306212800e-01,2.321810362002757755e-01,-2.692417943623216514e-01,-2.379217297360070038e-01,4.912385986510308666e-01,-4.933198833621940671e-01,-5.428614760167177478e-01,5.029329081635278836e-02,-1.739486143367942883e-01,1.188790354727922161e+00,1.007509050276179874e+00,-2.069985025013532542e+00,8.328310499816082846e-02,5.708112142421228885e-01
-6.374370255522290307e-01,2.896545259176036002e-01,-1.359442156598780205e-01,5.308505172753278378e-01,-5.818963694628080940e-01,-8.649697405613030465e-01,7.971995376358101959e-01,1.079618592036821090e+00,-6.810968936376915472e-01,-1.466424327802513972e+00,2.667966930921135127e-01,-5.757879698130661250e-01,1.419531633207796739e-01,-4.244568303506738305e-01,-7.065831031579462573e-01,-1.168774404123313349e-01,-1.493501340519040599e-01,-1.383363955395055411e+00,-1.082163943519575788e+00,4.140464156700099929e-01
-1.188859257784028900e+00,-6.119297134067520627e-01,-3.647693615660521638e-02,2.768374580754547898e-01,1.417005116875830195e-02,3.202819949172823200e-01,3.827175576863479645e-01,8.842208704466140989e-02,-1.251397586314831334e-01,9.740016626878340855e-02,1.373920786877803613e+00,-2.772592756426650151e+00,1.955912308250694176e+00,7.081383883749609032e-02,-1.430081610209102960e+00,1.145867119762786213e-01,4.744300916925258682e-01,-1.161039390343665267e-01,-1.687482834882985117e+00,1.669880247369881943e+00
-1.105406572324726111e-01,-5.978847728496894387e-02,-7.474765998710708459e-01,6.115967116422504901e-02,-3.503461160096013050e-01,8.187224926897547495e-02,-4.130173448262806080e-01,1.211145289682700854e+00,9.543857565228003326e-02,1.301846229564998403e+00,1.200301313374404349e-01,-4.810271184607877171e-01,2.303916697683941806e+00,-5.779500581880736565e-01,-2.678690174058167006e-01,5.430819940953584002e-01,3.560133439563249458e-01,5.829536797532935966e-01,-3.242604510588417699e-01,2.271840269846168714e-01
-1.306526851735316574e+00,5.568516159071729144e-02,-4.255965621894615136e-01,-1.053938356800223630e+00,-2.435261337220430145e-01,-1.683590270877082795e-01,-1.174075548772736344e+00,-1.346717505797555336e+00,1.581735604546037066e-01,-1.595734381462668994e-01,-9.620243242154676022e-02,1.077743805976262736e+00,-1.126825808756743541e+00,-3.775916380872278988e-01,-9.227011433104080618e-02,1.633842325555804470e-02,-3.521349132747429028e-02,-2.868871923899076193e-01,-7.913709480158648280e-02,-1.009607940799587267e-01
-7.196043885517928729e-01,-1.601623740167513521e+00,-1.018316236487910142e+00,-4.719161876631211006e-01,-9.729636783921047360e-01,-1.299002668103931502e+00,-3.372379713062759743e-01,2.256723497298209313e+00,-8.579936487338744033e-01,9.432607249694947571e-01,6.555393938756217675e-01,-1.188944955203736109e+00,7.732529774025996838e-01,-1.022810277440279858e+00,-1.271517146135161092e+00,-7.435148229532477782e-01,-5.388826181278260075e-01,4.509344618059148435e-01,-1.019728753964613599e+00,1.085829994867443471e+00
1.068509399316009079e+00,-6.244641707181063373e-01,-6.732384839851769387e-01,-7.287151981213004781e-01,-3.164254905571553533e-01,-1.182168423423114456e+00,-5.727059179514654152e-01,1.567038552723639677e-01,6.712321870828771853e-02,3.496544569931739899e-01,-2.372264808861105911e-01,-1.437791473801578457e+00,1.364531848102471301e+00,-4.723228204973859423e-01,-5.468280661276526677e-01,-1.276549448218561089e+00,-1.056710371261611936e+00,-4.779740040404867329e-01,-5.180399580763505041e-01,1.303098530694421775e-01
6.984571491073360283e-01,2.571832240275633841e-01,9.159171042556993325e-02,3.675442529688410787e-02,-1.924591888197437484e-01,3.500336381756951054e-01,-6.070611136523737517e-02,-3.948495140334503106e-01,-2.247196237086963311e-01,-1.128011331470006873e+00,7.120154789155856978e-01,-9.931236109295806802e-01,8.416312640736364203e-01,-1.333649792509086773e-01,-4.615611039611491884e-02,5.792525984420828777e-01,5.927507610920743630e-01,-1.570623408633452733e+00,-1.150479242966249843e-01,7.840855217006699185e-01
-1.698105819432254471e+00,-6.480141353308339625e-01,-1.496684183077931163e+00,-1.001366211663344608e+00,-6.909164007407364583e-01,1.674361531426510341e-02,-9.945710085294043878e-01,-1.471835007463586864e+00,3.115341705228190650e-01,1.642277554873339540e-01,8.014725285121746534e-01,-2.226751005151544893e-01,-3.534317487571990712e-01,-1.058247696235409929e+00,6.257448601505346542e-01,1.638884373906392966e-01,3.592202397399260061e-01,1.141101866657573405e+00,9.861022267606673886e-01,8.233637046331991893e-01
-5.986539369229860741e-01,9.729199702006777750e-01,2.456722806936839643e-01,6.181368203383330595e-01,-2.806331418567131752e-01,2.084660911894739010e-01,7.023009641167043959e-01,5.892558918162995457e-02,-2.396705114935538949e-01,-8.076484876163556592e-01,8.077467005501259845e-01,8.002979493400275146e-01,-3.091144447717087962e-01,-1.430787868889182857e-01,1.425089518900448216e+00,5.052576179574256310e-01,5.376042865401656767e-01,1.420618051872356569e-01,1.465763236842730244e+00,1.198536389207012665e+00
9.295051114795280789e-01,-9.609417041701628914e-01,-4.618431576980749353e-01,5.919071559986558428e-01,1.840848265013414475e-02,4.912424651768573236e-01,7.423952694231681360e-01,-2.739677167189556339e+00,-2.334717471157169710e-01,2.699043549407613707e-01,1.601776231561062303e-01,-1.416906113126259470e+00,8.689634868967953674e-01,-5.173129031751001750e-02,4.376679412297124205e-02,6.043992088209506619e-01,5.008300531945498735e-01,5.292646299360853623e-03,3.681087981121250463e-01,1.250701454442012805e-01
-3.952289826543543549e-01,-4.033955806555356016e-02,1.338210163970925959e-01,3.446487484316111960e-01,2.468086422369250577e-02,-2.830202879341022215e-01,3.929774017699167454e-01,-9.646120137337284017e-01,-3.213091443696865501e-01,-1.103892990268877522e-01,-3.374474607835371009e-01,8.202478373246812060e-01,4.631303293186070924e-01,9.813833213388943599e-02,1.662544478215894628e-01,5.982391332267443795e-01,1.925983089384653291e-01,-2.201441285500557843e+00,1.804169117108219145e-01,-2.145143522884494502e-01
-5.175190425104032599e-01,7.062998361810530756e-01,-3.132549123624400744e-01,-4.711431769827325033e-01,-7.524154026850846666e-01,1.012631241226874312e+00,-6.808694075471962703e-01,-7.931173627076716359e-01,-1.410788818683417656e+00,2.514844150215370111e-01,2.361226400622858379e-01,-5.394546333745013911e-01,-2.756705345605569568e-01,-6.370253452276254391e-01,1.137267059952472348e+00,1.179961525593256955e+00,9.422104406000595400e-01,-8.824188185499185488e-01,1.133550061907656392e+00,3.474990570401471635e-01
7.714059486768455320e-01,1.507225795496255127e+00,9.439276644379137604e-01,6.829084953370165856e-01,5.197113085692426360e-01,-7.368065143772161152e-01,1.038802604152526010e+00,5.531320642075839844e-01,2.773904788994665527e-01,2.205076557571732931e-01,-3.949384962813195510e-01,-3.499433645891047440e-01,1.100284338220373748e+00,7.665560482475459736e-01,2.826031328771645423e-01,-4.079979808658943385e-01,-4.590332436112566361e-01,-5.142339659399888241e-01,-2.748161563362052640e-01,-2.590454647068329286e-01
3.827324300122681433e-01,-1.149713334806596321e-01,-9.517148103017201155e-01,-1.033312215567369963e+00,-1.502059878006001714e+00,-1.896491251089751362e-01,-1.290164634424709522e+00,-1.567767724308454014e+00,-1.363673329133867185e+00,1.301428071664760822e+00,1.282374522720101551e+00,1.374964066392989848e+00,-1.332211654594501749e+00,-1.452977071752303395e+00,1.305444693117033261e-02,3.603168513610562895e-01,5.392968854049497995e-01,1.047972155968052821e+00,1.292938285923321828e-01,1.479643490406757023e+00
-2.226056809483204779e-01,-1.310686293837307614e+00,-5.927189487321929962e-01,1.542936828363826729e-01,-6.174642784659652994e-01,-4.639617579118262003e-01,4.896288745644717944e-01,1.412327706037443065e+00,-1.368373975649095797e+00,8.640523004976479182e-01,-5.382224427989230620e-01,4.014990550902874933e-01,1.224870564193659694e+00,-4.860800454028808004e-01,-6.719704005378066558e-01,-4.004107708109886921e-01,-4.299074244696308167e-01,-1.822447837899429379e-01,-4.709388749216039671e-01,-3.546483013033762122e-01
2.134800489101688903e-01,-6.686963821601272784e-01,-3.611262846804742521e-01,1.266796103703438314e+00,5.954433372493522780e-02,-1.417895096196950977e+00,1.185968046565209599e+00,-2.559184666344096470e+00,5.403304483949425974e-01,-6.319037580051672931e-01,-9.840568066286639048e-01,9.632135592119682455e-02,9.424681192203937519e-01,-1.035638119997068229e-01,-1.058540825584019407e+00,-7.947368423730605258e-01,-1.030046966145276244e+00,2.033418170524324900e-02,-1.182562795746205708e+00,-8.887067701834761024e-01
2.011256681463136964e+00,3.766553573118450182e-01,5.668726322167402243e-01,-5.608082563805574239e-01,4.041559068905707930e-01,-3.252786677929874193e-01,-1.684228494546536059e-01,6.168865543932787743e-01,2.346439034735731677e-01,5.270042084546596728e-01,5.335256275698153638e-01,-1.829740411004531442e+00,3.700572191014953050e-02,5.108154826353306088e-01,1.256993949223116636e-01,-6.162974942956915836e-01,-3.190673583387800272e-01,-1.118311924321632178e+00,1.566222072357279643e-02,7.904774498512039393e-01
-1.951804101481602105e+00,-1.993226925226273816e-01,-8.776146895495235967e-01,2.124391834249863553e-01,-8.085748370474235003e-01,-5.530521976242183113e-01,2.841543198428547745e-02,4.453932508947973101e-01,-6.302094775198006094e-01,-3.046143054799926642e+00,-1.173690234360823537e-01,4.390429576720425442e-01,-2.195410283312132504e-01,-8.760775775095825946e-01,-5.157190486698020049e-01,-1.060607043138198091e-01,-1.843955188382947197e-01,-2.167314705755386262e-01,-6.933351003217388397e-01,-1.436061957151881230e-01
-1.550429345083480959e+00,-2.299998860090629316e-01,2.819643376716258754e-01,3.890740331903216886e-02,3.673420423361238862e-01,1.094939891422270772e-01,-2.511980027452212147e-02,-1.660699811869263298e+00,2.592588269663960165e-01,-3.791475628799227393e-01,-1.126347717765872725e+00,-1.303242754112315716e+00,6.051200840821666649e-01,4.434521042333244290e-01,6.542933838391784551e-01,3.013799556247336309e-01,-7.451072061608382535e-02,3.296229821277380512e-01,9.250179366567989891e-01,-1.289483723672329551e+00
6.764607323616231849e-01,-3.844020604219611226e-01,-3.468968055724468980e-01,-2.477034204782931071e-02,-3.835414785708167740e-01,-8.437223882414336407e-01,6.441946136878379248e-02,1.670943032788857252e+00,-2.432235679470769185e-01,-1.385042735095726001e-03,4.260573590772864794e-01,-1.174745464181114751e-01,4.661664260340307453e-01,-3.721245925141085653e-01,2.912642699752706621e-01,-3.517464941123487621e-01,-2.574741383245893189e-01,2.524966270768724264e-01,5.180032102407640116e-01,8.262964373353713921e-01
-9.038200727694681302e-02,6.334354310455010406e-01,6.422867624257954100e-01,1.610148641808882286e-01,2.218569923283275624e-02,-8.902370203549550554e-02,5.329808477868736016e-01,-7.228700756000490391e-02,-2.447471251488620991e-01,1.552243180048560767e+00,-5.041307998086085318e-01,-2.320594275790741623e+00,3.171606262926887632e-01,2.654899236482994307e-01,-1.526549035483160122e-02,1.542905521434358440e-01,-4.993391742859487614e-02,-1.318395869644734208e+00,-1.675962815829552532e-01,-6.933386551290440236e-01
-9.327409107943778199e-01,4.255541468582521580e-03,-4.374381531511910004e-01,2.857085945029608914e-02,-1.115849315286003396e+00,-9.290962687343575777e-01,6.287731819546834439e-03,1.079194728112489177e+00,-1.496577772520108596e+00,3.768765208508927378e-01,-1.038522910104036912e-01,-1.884585844979447700e+00,-1.945703083163958791e+00,-9.124100023069390275e-01,8.544936816777830568e-01,-3.681053555386951670e-01,-4.072076101084409760e-01,1.017020991413244646e+00,1.098132173751350082e+00,1.104072272611522632e-01
-5.914026678081107935e-01,8.711924149236427439e-02,-8.557282157890888641e-01,1.581340902857065078e+00,-1.373748462327071707e+00,-1.054917482235140147e+00,1.810819525125612284e+00,-1.610878403449933716e+00,-8.003282949841357130e-01,2.380745351219750283e+00,5.941710928992871565e-01,9.492464735582356594e-01,-1.502396569381712732e+00,-1.321075471984294536e+00,3.661612017451976175e-02,2.696073446734658097e-01,1.615966382291457726e-01,-7.946363210714987302e-01,1.057666215047116387e-01,8.032128610041349148e-01
-1.444940199073371678e+00,3.432448466449175006e-01,-2.267388561908889044e-01,1.004242575351534050e+00,3.861411388427119507e-01,2.724725542206007933e-02,9.751867826999262023e-01,-3.509517686967038308e-02,7.628282956624494737e-01,2.114970127318780146e-01,-6.419005648231624894e-01,6.799748442451023500e-01,-6.963266538610828338e-01,1.117859531851115445e-01,9.118187514253817127e-01,-5.023442868598159139e-01,-5.046152884335258770e-01,-4.643376914354916396e-01,9.589495374953637130e-01,-6.036034685061195670e-01
-3.868708468506465437e-01,1.378287392649331755e+00,-2.297523410324918136e-01,-6.982322067360824391e-01,-6.212593813167593959e-01,7.193835299187323340e-03,-7.987565644948063648e-01,1.243319384455154886e+00,-6.716485562844320967e-03,5.872593793998259759e-01,-5.192689147820109818e-01,-8.157915419939713031e-01,-5.075176016573570426e-01,-6.044737080045761157e-01,7.365843770249724809e-01,-6.399901149741384909e-01,-4.477243232036631770e-01,-1.284552297992527237e+00,3.761867190879731315e-01,-7.201544980870353552e-01
-1.177628962482630826e+00,2.118786008685381861e-01,1.343479645577336345e+00,-5.108114409479694307e-02,5.205492729784748640e-01,6.127478890039393944e-01,-2.475380466861281520e-02,7.200337593416528126e-01,-4.843675536999416109e-01,3.036039044620014171e-01,-5.892806727851533921e-01,-1.661598291114563697e+00,4.481952844233124678e-01,9.380157050158934862e-01,7.188351936024486855e-02,7.352142303311532956e-01,3.929059440043426443e-01,-7.075056975105769030e-01,5.811918302863785385e-02,-1.008300974817917250e+00
-4.513030371025261167e-01,1.728268645417324612e-02,2.471919276513533659e-01,-4.756467463939307444e-02,5.040243620563964466e-01,-1.126181021157076356e-01,-7.076436031745529653e-02,1.927938451307721623e-02,1.080695884037785159e+00,-2.141666562000842378e-01,-1.443662180563385078e-01,2.135122384354860847e-02,-9.191134448699437298e-01,3.839544879792303189e-01,-9.956317789667299412e-01,-8.011898355227135005e-01,-5.096095003963965198e-01,-3.175430939301992495e-01,-1.268542431724410058e+00,-1.112667622955599012e-01
1.489355962074480288e+00,-2.452319761058421865e-01,8.023210469644531662e-01,-2.726156033444859239e-01,4.700963612475152487e-01,1.850126928695997042e-01,7.095332880362162364e-02,4.226286217088256469e-01,-3.141366759316258084e-01,-4.140081155796743184e-02,-5.952001958442201257e-01,-5.008409428482209214e-02,-8.974009269018304868e-01,7.061792649545476364e-01,-4.604919934161107453e-01,-3.426401204603420347e-01,-3.162681928313702540e-01,-1.077099069403994802e+00,-4.451368401375771500e-01,-6.958135108558237691e-01
1.411172063889611694e+00,3.979058526459849920e-01,-2.890813201581520775e-01,1.169369231727682701e-01,-6.728210047254732373e-01,-4.718973777505170442e-01,2.802721295342347485e-01,-2.619223734425048244e-02,-1.107996300316598459e+00,-1.124659825595527157e-01,-2.482058931164424220e-01,6.450552734598768989e-01,1.011842432994189078e+00,-5.761127219808488409e-01,-3.037156404190373138e-01,3.623980158249862638e-01,4.421039949123156676e-02,1.681921740073137661e+00,-5.389457290268699907e-01,-1.319920436631307481e-01
-1.114561184184125094e-02,-1.735622042144467359e-01,-2.361594494746748207e-01,-6.477269332172036487e-02,2.777129237775846082e-01,-3.566889019301097141e-01,1.044306528920076471e-01,2.225944331738258786e+00,7.462598162833861126e-01,-5.098432421384790914e-01,2.988771983712729119e-02,9.971179807917595062e-01,3.060182433851780723e-02,8.806682175620102193e-02,2.357868589807577964e-01,-1.130646006850923313e-01,-1.615030549655528946e-01,-3.256694688201741683e-01,3.363495529232110037e-01,1.505560134301393849e-01
2.395827598563913252e-01,-4.198324057143553723e-01,-6.975521386617429265e-01,1.346366556741683151e+00,-9.452459127653988213e-01,-1.205807540530416277e+00,1.093241013378622783e+00,-5.391326367529899466e-01,-8.614363835957550286e-01,3.280874761371180282e-02,-8.622328037615585306e-01,-1.153950363652009425e+00,-3.479618559208458306e-01,-9.595512437694183605e-01,-5.983539059698179674e-01,-1.126015169499494206e+00,-1.110482982863828738e+00,-4.060717962598319186e-01,-5.713180167825436806e-01,-4.818165128415979881e-01
1.154184030494019186e+00,4.364885213265191077e-01,-3.910593704221478895e-01,-2.296256114157962241e-02,-9.263327467815529737e-01,-5.407346344013944650e-01,-6.231088841124471367e-02,3.087512418366131217e-01,-1.116801562107913259e+00,8.656529228158532652e-01,-8.811379472347657948e-01,-6.313759884493888030e-01,-2.413377914531045498e-01,-7.864029069436717645e-01,2.644695176433610184e-01,-5.819392719013440907e-01,-6.225918687329237144e-01,-8.589199078076715788e-01,1.729629859439018036e-01,-1.272462800486889645e+00
1.326461642365693416e+00,-9.750301638039448049e-01,-3.279626343419880241e-01,4.440035771284157606e-01,-1.869413880098044212e-01,-6.982999697224273605e-01,6.550299913101488292e-01,-5.256405931019396682e-01,9.392143124673582588e-03,-8.014968853943748028e-01,-5.595128329238081566e-01,4.722471500878487327e-01,9.304084961111163121e-01,-2.193420019861542780e-01,9.825764825938159142e-01,3.668101437590252090e-01,-6.813387761271716414e-02,-1.541587399671787484e+00,1.673368527668531502e+00,-4.928783161782920308e-01
-1.461732688261408120e+00,-7.364454206517579982e-01,-1.282744941821297946e+00,-2.164834341702390197e-01,-8.103668262679458723e-01,1.046987579859056938e-01,-3.472389672372965252e-01,-1.184686590411551999e+00,-5.134101566997195665e-02,1.329062846539682319e+00,-2.510071900833909520e-01,-1.401347293039310493e+00,1.030438267415604736e+00,-1.153247407242443234e+00,-2.040423469499600961e-01,3.829897511515924502e-01,1.640117310483829860e-01,-2.639373485926878593e-01,3.461149024047066591e-02,-2.089074329956842613e-01
-1.298686722163090224e+00,3.806023617763981681e-01,-4.508975971529803339e-01,-6.996195553278136692e-02,-4.491044407433535390e-01,-2.555901856961482199e-01,-1.584494795969481618e-01,-2.595769818340394330e-01,-1.004248593216996166e-01,1.471321956142338294e+00,-2.577961155541058647e-01,-2.585726316767712474e-01,3.083312459593452459e-01,-6.201723818413542588e-01,-4.168282277653305168e-01,-9.354568850905506938e-01,-7.037613037359380375e-01,1.681576716267327631e+00,-5.777389852113938851e-01,-3.751431694643982961e-01
3.658487879168582091e-01,6.584536782671959187e-01,1.511816437317334283e-02,1.340066862571567485e+00,-8.900584031558347875e-02,5.191618023052555486e-01,8.838670674626341039e-01,1.435049386789154502e+00,1.665276417237874229e-01,-1.162297003871490958e-01,-6.935035193954565136e-01,2.444434559616325831e-01,1.401344831291959636e+00,-1.225343203934508851e-01,1.599348031830598149e+00,5.989317142256843640e-01,2.948722332895057363e-01,-8.047537406378693081e-01,1.919619031271725396e+00,-9.444996283809430349e-01
-3.655510899860373031e-01,1.395863577057087301e+00,1.190143475839061882e+00,3.626980588283684193e-01,9.159789432274880738e-01,-2.159153424193802073e-02,2.124983123185608114e-01,1.569259614535904346e+00,8.193146922941569876e-01,7.966721083646713941e-01,-4.386466320159724264e-01,9.688826385630507909e-01,2.255816635688035199e-01,1.070029386970199337e+00,6.297281222631486708e-01,-3.636442642658948010e-01,-3.494695995340627581e-01,-8.640449911023695417e-01,2.983105648433761470e-01,-4.143804107021486494e-01
3.595043995710101581e-01,5.010370257191183729e-02,8.344696278780897036e-02,2.242840713756602544e-01,4.484706761120887952e-01,7.600919552542607927e-02,-4.581269943754417984e-02,7.243685048699644025e-01,8.499524778021494420e-01,-3.030982534240727055e-01,-1.722180553024117433e-01,1.787928657331798454e-01,-7.994223995430965735e-01,3.209312259646864840e-01,-5.904036219843986633e-01,6.357383915119159401e-02,-1.348770655100563903e-02,9.419230031014656779e-02,-8.292067603524286845e-01,-2.518877782356024886e-01
5.559626797097979578e-01,-3.912277043846048019e-01,7.199952447156596769e-01,3.538909185002019342e-01,9.203930786967446931e-01,3.905530337089780923e-01,4.339834899859968953e-01,-1.818077630383569510e+00,5.048000149063229802e-01,2.390336012467648985e-01,-7.326138761047884529e-02,1.673985707010710033e+00,1.615592672381679640e-01,9.894202417419823981e-01,-1.181714920731088553e-01,-2.606987829590362571e-01,-1.082688012817921291e-01,-1.678688362828656633e+00,2.460154336940646724e-02,-1.982649190230348357e-04
1.015665281542101228e+00,4.573756111686305137e-01,-3.521522799378908886e-01,-1.067798313226942408e+00,-6.220689088367631348e-02,4.023137219311389012e-01,-1.058252417730880968e+00,-1.084856059461445144e+00,4.432983404393269211e-01,-5.189002044248520740e-01,-9.119264099444532867e-01,1.376898259033473293e-01,-2.069447105572910228e-01,-2.463363153280377915e-01,4.805703144585891651e-01,1.019602358864778902e+00,4.790877861022156958e-01,7.669196696611989550e-01,4.471654073177803168e-01,-1.282195662809042958e+00
1.669250806376968654e+00,2.016389258705116205e+00,1.204993637033213272e+00,7.267245151464030162e-01,7.643284254021065482e-01,-5.064906785829255131e-01,6.019337912103674970e-01,-5.992242774597194011e-01,4.509404221463866880e-01,-8.541612608143545060e-01,-8.399482137491076639e-01,-8.935744023141912740e-01,-1.560238909972873622e-01,9.245501683048498176e-01,9.043570514845767905e-01,-6.893076340543913272e-01,-7.588943557667239270e-01,1.264983329856256056e+00,3.878680823586037052e-01,-7.630883767039151611e-01
2.098494779230553053e-01,-1.233710661652241691e-01,-8.080587354298010005e-01,6.917799093946117028e-04,-7.013018886172297517e-01,2.452296007780625786e-01,2.932055590857126845e-02,1.633808411289249321e-02,-2.788948567821549762e-01,4.154006261711268300e-01,1.468251873505383720e-01,-1.429991258685448408e+00,-6.163805217221475508e-02,-8.617913697111636573e-01,-5.057146573571057457e-01,7.492410449587305621e-01,5.376234440790084168e-01,-1.048170406825473133e+00,-6.576637121858541768e-01,2.246006620577742363e-01
-4.012978051335100438e-01,1.316348308077357476e+00,1.297100848606608237e-02,-1.019196867502054182e+00,-3.686845316849780008e-01,1.808468018748946859e-01,-1.029453709159183328e+00,-8.570781886711646980e-01,7.966405447133187434e-02,5.182038948242156245e-02,3.967079178748144086e-01,-2.311016075929965274e-01,-1.638807307122177814e+00,-3.421904092571343425e-01,9.161446754592759145e-01,3.794148798749025220e-01,3.905366106538836757e-01,-6.548837514448298258e-02,6.727266296517899757e-01,5.109437057909684832e-01
-1.104616597526470789e+00,1.824617688724493370e+00,-1.178332130766149843e-01,-1.872007653506981006e-01,-6.211701697305830328e-01,-3.047604442968997462e-01,8.324165446563960846e-03,5.249178636458826652e-01,1.882220407905197956e-01,4.994982334686594583e-01,-1.509932857327063171e-01,1.259167129610813785e+00,7.041110221415821657e-01,-6.585281419528337121e-01,1.667648396485334583e+00,6.624153247888435736e-01,2.963172234625848778e-01,3.779101017384750572e-01,1.520524262275550820e+00,-1.600822172887818862e-01
7.303517903770193609e-01,-1.189281612948093342e-01,8.800863587452620318e-02,2.697415257867429861e-01,3.536497668777968117e-01,2.953501471580587956e-01,5.500508262984018515e-01,-1.325680146537180359e-01,7.822620494978402284e-02,-1.998639475583372738e+00,-7.362258517380886047e-02,4.706609465849369289e-02,8.245572195642364433e-01,3.212020898345690489e-01,7.499175248270388838e-01,7.629118725861500083e-03,3.442409765187343790e-02,7.821118109215217939e-02,1.030472377732470246e+00,2.069028153421630795e-02
-1.481245962197298427e+00,2.748605119709825462e-01,6.497214361573404595e-01,-5.989306514228832645e-01,6.345792441009914242e-01,1.376406989015092619e-01,-4.149996410569984917e-01,-1.341327827684201113e-01,8.860674078259371811e-01,-1.928418285439646718e-01,-8.783309100055455287e-01,-1.530803497399492619e+00,2.066905117080032883e-01,6.192705843167016777e-01,1.053239768511120111e+00,6.306248860544476642e-01,1.640448191420597890e-01,2.989774561190176039e-01,1.308353014978431039e+00,-1.166195172585232198e+00
-4.558253477993688407e-01,1.532297985469341706e+00,4.726617472346669180e-01,1.223075715235785399e+00,8.407755850603196301e-02,3.211885416546931826e-01,1.398156449077136543e+00,3.777591697307178809e-01,1.508445073871376718e-01,1.589586741256432678e-01,7.054413511955003324e-01,-1.157017280815867855e+00,7.706730544633433322e-01,1.398398979782643214e-01,3.524329535370747113e-01,2.081031035624796299e-01,3.585214663876959973e-01,2.466021862613343996e-01,-6.670561302563732253e-02,8.283108414767883509e-01
1.905063640560017646e+00,7.194240036774683933e-01,-1.704499620264582627e-01,-8.727675590403799477e-03,-2.239557546017016676e-01,-7.676769752792478307e-02,1.025833779519080974e-01,1.054757925180282774e+00,2.834743150061396211e-01,-4.164990824366924804e-01,2.907305204983339775e-01,1.123905305614439021e+00,-1.734638970728791252e-01,-2.633964598156264825e-01,-7.176917316288524695e-01,4.554177383212762442e-01,3.248600049554806191e-01,-5.937774477786674776e-01,-1.272343983464219619e+00,4.188618426739296741e-01
-8.963697225521801704e-01,-2.318569776431734231e-01,7.374574406404525995e-01,7.753929288165919420e-01,6.034551396803629064e-01,3.544153813161734501e-01,8.163510088258895125e-01,-8.779706165358701631e-01,9.003243087578716164e-01,6.164593126261552758e-01,-3.239651985543490209e-03,4.046954556143003146e-01,1.914508720239117834e-01,6.871598773740732469e-01,-8.230334192220615241e-01,4.665203244302766339e-01,3.621789050035425506e-01,5.629897185861277853e-01,-9.824420132420323970e-01,-2.163125156935665760e-01
2.528035054191545283e-01,-4.669471545037574556e-01,1.204046122246179795e+00,2.038162695390347001e-02,8.751662491873607452e-01,9.045401811968664108e-01,1.533035339314801904e-01,-1.452744572047692251e-01,1.758834871581710368e-01,3.015140573967661775e-01,-2.016617492787132759e-01,4.790952240982285781e-01,-7.781835214561222402e-01,1.113962919530421480e+00,-6.940515543036993584e-01,-1.294040039399220188e-01,4.721784219182433018e-02,2.258404786026901034e-01,-6.321002651609882728e-01,-5.860513113972631860e-01
2.320799839280298205e+00,-4.235007610273094913e-02,4.300554359778026026e-01,5.547644758191498937e-01,3.617989380577592562e-01,-1.399257523888811638e+00,6.309042760773183600e-01,-3.752224007606727030e-01,8.175282759650046027e-02,-1.741022808358901441e+00,-1.079756521986871887e+00,2.711127964467148765e-01,1.045023375502690532e+00,4.220896170354397903e-01,-4.096498700085374756e-01,-2.128422188280742589e+00,-1.846158205645658246e+00,1.151733974780799086e+00,-4.866123485092285206e-01,-8.092030152228092410e-01
1.315739679080687174e-01,-1.023505339637701128e-01,-5.604020699132334915e-01,-3.708029465958728732e-02,-7.420423997924072701e-01,-5.807655493747825304e-01,-6.994006589405178387e-01,2.243601894582640366e+00,-1.033793475006951068e+00,1.922324755444398514e+00,-2.786287301345169443e-01,1.405365438724420324e+00,1.618054269000225531e+00,-7.126876352060554920e-01,-7.004299727561371647e-01,-2.303908880873182796e-01,-3.249021522482543611e-01,-1.449117610736930351e+00,-9.649817029209779573e-01,7.264424847733647050e-02
-8.511560251940573918e-02,1.052267902058007021e+00,-1.091006480334005824e-01,5.167500975609629066e-01,-7.056150163139006670e-01,-2.749921010543263100e-01,5.195408009011546202e-01,-5.375833685580618804e-01,-3.606922110944421611e-01,1.576298972627717676e+00,-9.761462779482988905e-01,-8.622669997532367292e-01,1.606611898197728150e-01,-6.049027103781330350e-01,6.441413743407810033e-01,-1.222361801307411677e-01,-3.214518487549574699e-01,3.077325746794319916e-01,4.363309860691759190e-01,-1.397175996743258874e+00
-1.446421063983328592e+00,-4.519233786408565212e-01,-2.508876055857111043e-01,-2.885096886935266669e-01,-2.901605983545788581e-01,-7.836415096121724932e-01,-3.369587697531625237e-01,-4.684760446797231470e-01,5.398099705142209159e-02,-3.263184621583181122e-01,-8.299063964093639223e-01,-5.946497697204053967e-01,-2.559576692142683241e-01,-2.911748048518432164e-01,-2.961578231093593971e-01,-1.970040027252624726e-01,-4.621081868808394333e-01,-5.216415099706189773e-01,-2.005700328974327484e-01,-1.030252079072524918e+00
-3.249349583204991232e-01,-5.757781272646997905e-01,-1.357788454343534512e-01,7.221272859136349531e-01,2.709287448044239155e-01,-8.256524069823358847e-01,9.735022001015825044e-01,-2.579855825448711115e-02,6.456430711821956603e-01,3.464944420067607167e-01,5.464989976266565463e-01,-7.744589687708258730e-01,1.049071650855127186e-01,1.461607145479777992e-01,-8.091887771208317037e-01,-1.204220932073148287e+00,-7.582566735001722291e-01,1.496139636951631990e+00,-8.791376823629742931e-01,8.892370300247895987e-01
-4.674931736578534780e-01,9.084752839000534985e-01,1.645662319273483831e+00,4.017451318653664227e-03,1.522251317699656159e+00,7.608368979181195924e-02,2.081918990897107247e-01,-9.681860639071049324e-01,1.226151206393275572e+00,4.879726826630045866e-01,-6.675000124001182478e-01,2.642935721014741723e+00,5.401230264004940329e-01,1.693575272686674182e+00,-5.293201150293715962e-01,-3.165130512959318798e-01,-3.688014100216617797e-01,-4.034591834208012262e-01,-1.086766587342988144e+00,-6.796436296641592545e-01
2.467660239799705779e-01,-2.009301555567043762e-01,7.165867456580946593e-01,1.165153458472754644e-01,8.595874188089625001e-01,-9.304053294519119000e-01,-1.295514856399251902e-01,3.718110814974934786e-01,6.871826593426120233e-01,9.623417448143452013e-01,-2.997592115561695247e-01,2.431682154024917275e-01,3.903649435086223862e-01,9.584543856005280915e-01,-4.191935650446086958e-01,-7.011986783987884664e-01,-7.140792787539429476e-01,4.113342428976086151e-01,-4.466461268022510200e-01,-1.701890427043068477e-01
1.040086245053703173e+00,2.245824700241227934e-01,8.127671917977572491e-01,4.450072192426263173e-01,6.207299962585478559e-01,4.424828305864185740e-01,1.143351348475545592e-01,-8.209882269614044575e-03,1.307231051198224636e-01,1.042977594646375961e+00,-1.323961059489744962e-01,-5.072344618949226058e-01,1.546688336463321878e-01,7.450563611465237379e-01,4.870848115129223221e-01,-3.313073441999488389e-01,-1.649169476837686055e-01,-1.980565591068939924e+00,6.078073113214448320e-01,-2.562238836814199061e-01
-4.693107362791067438e-01,-4.299218323396007957e-01,-7.682776359002223554e-01,1.418027843018532241e+00,9.533292531036147155e-02,8.761581283736055159e-01,1.247969371653659731e+00,7.086952731104265713e-01,1.105002979780953520e+00,-2.112059836315199890e-01,-2.945357721136745988e-01,-1.479315979963253591e+00,-3.321022773488251367e-01,-2.661814567807826437e-01,-1.788972315530462431e+00,2.014095671308843150e-01,2.656366385968114696e-01,-1.416603482425640603e+00,-2.223213951042426917e+00,-6.776309076005366805e-01
-6.038395527961509801e-01,-2.165983073547311788e-01,4.349660138647825081e-01,1.043617960177414677e-01,8.063521234927867321e-02,5.942489130373186379e-01,1.822121092864742442e-01,9.785672974460429829e-01,-4.294131159301887712e-01,-5.475181006794317407e-01,1.007171588480693325e+00,-2.534554462084229964e+00,-1.375184479317240749e+00,2.446185347301370050e-01,9.112198869105242460e-02,8.635776911059633854e-01,8.661937894271891647e-01,-1.198092880191038212e+00,2.263513167378361779e-01,1.090539988703613128e+00
1.474344016509719080e-01,3.666700846161467797e-02,5.429467123750398860e-01,-1.438882551606927018e+00,9.331093023328100866e-01,-2.138831484302556873e-01,-2.105624112444366425e+00,8.809375610809715429e-01,1.308118948724023900e+00,4.366384746292930052e-01,-8.206956711553632378e-01,6.964386733914392780e-01,3.382254736851152965e-01,7.858867830433613477e-01,-7.753458841403467749e-01,-9.024864874955935701e-01,-8.181991093279026295e-01,-9.981917282318640838e-01,-1.031501598487724713e+00,-9.265726739541103596e-01
1.761266127419863103e+00,-3.086277695252100800e-02,-2.991463763331920767e-01,-1.287300933227464028e-01,-2.454838645776910300e-01,-4.827360722420968031e-01,-4.462425739543014747e-02,7.776041379029120515e-01,-1.555948084221835115e-01,3.360157426619921339e-01,1.169083693794367163e-01,-2.721317560182082151e-01,2.847905991343631649e-01,-2.703612869413042352e-01,3.109419528769377106e-01,-4.413814584961915921e-01,-3.158846865425990469e-01,1.737118529870234351e-01,4.204862512803412278e-01,1.295066879315542319e-01
4.987269583119319782e-01,-1.663512818764971701e+00,-3.564671799736829905e-01,9.490390900859551060e-01,9.878651922384211748e-01,1.143427174341596630e-01,1.120037671659710909e+00,9.076987979878986534e-01,1.713310470180098077e+00,-2.008085139956655718e-01,-3.073370142688058859e-01,-7.401367907395135504e-01,-5.654978063746562977e-01,5.646306464068291397e-01,-1.420538358153690783e+00,4.283523842433047957e-01,1.626708104370102048e-01,-2.467935577887517828e-01,-1.274311847241392570e+00,-2.245749587751091625e-01
1.323976766753355225e-02,5.279864897160519988e-01,-5.566565085141612634e-01,-1.963180443699866773e-01,-5.018475339385384260e-01,3.794454295671595423e-02,-6.989568800465137399e-02,1.971810551973673942e-01,1.670988039388207613e-01,-1.022564391260685657e+00,-1.839493404473721283e-01,1.257219650828994117e+00,-1.482883357574042549e+00,-6.635983340699620481e-01,2.973895035516231355e-01,1.622184463290313183e-01,5.991353390656879718e-02,-9.165940810038318565e-02,1.833372364698858392e-01,-1.445905294093365878e-01
1.355442702594418236e+00,-2.739040845186981321e-01,6.543544248998535429e-02,7.090610873713438789e-01,-6.806748050044469922e-03,-5.170533263674514934e-01,3.601864637755021192e-01,1.367414982460158468e+00,-7.133227295898874054e-01,1.536444608156663783e-01,-8.553094571435000404e-01,8.444543066045863133e-01,-1.212867816209024729e+00,6.425637456997324026e-02,8.757349506251217441e-01,-1.421721355306036605e+00,-1.203615216698248114e+00,-5.110404635801097939e-01,1.246404020026639969e+00,-6.145275704631617542e-01
9.172215421158560478e-01,3.257096484811583537e-01,5.769256073528611362e-01,-8.762505614637525753e-01,2.986174929455610583e-01,2.130614017875585575e-01,-5.706810131935066144e-01,-8.645528271104713225e-02,-1.384510912501926705e-02,1.149379383367123975e+00,1.256613293489122762e-01,4.402227617534797133e-02,6.430545453392927380e-01,4.199677847504382222e-01,-2.485892304932489916e-01,6.285634794880082810e-01,4.075697979622569522e-01,2.780810479679439728e-01,-4.176020831473811201e-01,1.361415712020052626e-01
1.587761523745367498e+00,6.709121597862326425e-01,-8.285079290303130062e-01,4.014036733837296200e-01,-5.779430040222938159e-01,-1.296501921606531271e-01,2.100392546364162893e-01,7.912172392953507882e-02,3.426000492587710777e-02,-8.391241905992736783e-01,-3.686435076363592245e-01,8.496813703770766946e-02,-1.606439689449832731e+00,-7.853465527625580478e-01,-8.746294265233922616e-02,3.188827289583076596e-01,7.753944191290733368e-02,1.238006935958439803e+00,-4.959499229806846321e-01,-3.459119143861444923e-01
6.234536094243824378e-01,7.927085308899096683e-01,9.327897068511707968e-01,-1.292503199321699991e+00,8.452265974757694478e-01,-2.333307028930414750e-01,-8.911238966324598332e-01,2.540231620759171527e+00,8.800830418291953894e-01,5.580818806186658154e-01,-7.376550591855728367e-01,-3.529673960291555834e-02,2.412039642189525157e-01,9.185688547486901001e-01,-4.328444657148556307e-01,-8.524006852573867699e-02,-3.265761170077331466e-01,1.412151698298630853e+00,-8.389528742544614115e-01,-6.511948459629681718e-01
4.307711349456414540e-01,-6.622463635077344701e-01,-9.546410275858230321e-01,3.682322719084569762e-01,-7.717607465075677631e-01,3.861896728553829150e-02,7.506622318228965973e-01,-1.003935034013660188e-01,-6.125842044386486940e-01,-1.472322928466489600e+00,5.248917436259635805e-01,2.211304333239493047e+00,-1.797455804366897558e+00,-8.701201974823109531e-01,2.893353119814854879e-01,-1.119385612105061600e-01,8.652936426669126380e-02,1.614249547280227404e+00,5.975904440723218691e-01,5.260513032609717143e-01
-7.239287040586021016e-01,-5.974583379568647601e-01,-1.678644849918540793e-01,5.584539261623211459e-01,-2.484744040814359511e-01,-6.394157233507649085e-01,2.403640734141868074e-01,8.246182196384677088e-01,-7.046352342821599057e-01,1.414874135922422393e+00,-7.304755117954826460e-01,-2.163439782957261026e-01,4.428461137467389896e-01,-1.429812954288371962e-01,-5.135325474939048673e-01,-6.047974576555184001e-01,-6.599956253565900655e-01,6.563907508593024298e-01,-5.214445168870149860e-01,-8.272396163541112513e-01
1.658635226535373208e-01,-2.449644748165179520e-01,3.920226569240546355e-01,-1.090275126940294159e+00,7.461825546245066665e-01,1.194661613805481304e+00,-1.245259585150916948e+00,3.822027877852935962e-01,5.142842991705125488e-01,1.161533803559117173e+00,6.551437087919569358e-01,-1.867091118097792268e-01,-1.684517255424882842e+00,6.705399453804321563e-01,5.882315268017397347e-01,2.504544414132765517e-01,5.193423493620534792e-01,-9.108503776386525086e-01,9.373514753582412595e-01,5.183012856262523282e-01
3.191184000862823944e-01,-1.251968395599248329e-01,4.828830290101004952e-03,-7.141031029164176536e-01,4.176418829295079349e-01,-3.678563999505340965e-01,-3.726541878852953626e-01,-8.215345170195275104e-01,2.467619776235165652e-01,-8.203415314548415105e-02,-4.367520940149438591e-02,1.013972154112161350e+00,-1.730276061550085842e+00,3.479714356484692739e-01,1.280595248022260435e+00,-1.417302749943274431e-01,-2.094288700881986043e-01,1.014071466682110040e-01,1.662267977149077147e+00,2.587888613418773964e-01
1.005812087289631868e-01,1.845558353099970017e-01,3.286285514377471628e-01,1.083145680751086637e+00,6.323358934683251942e-01,-2.306122980647312137e-01,7.270824310225585396e-01,-3.907979960810135656e-01,8.798419933006023097e-01,-1.406104771391010866e+00,-9.517326662187552966e-02,1.458714749675993572e+00,2.153119792570582725e+00,5.278304449708652868e-01,8.813786242480857458e-02,-8.805871923095781595e-02,-1.487654557089507223e-01,1.712435451522124896e-01,6.703965246683990520e-02,2.141428122497971154e-01
-1.557998528183396347e+00,-3.638231751298650618e-01,5.207547884617431261e-02,-2.677584974532268292e-01,-2.923526633364014748e-01,2.444991907648563223e-01,-1.366685698963865936e-01,-5.789181399432078434e-01,-8.923602808239902151e-01,7.293463462804261610e-01,4.505604618225893532e-01,-2.987596005699359458e-01,-1.102230190907090623e+00,-1.588145640825828486e-01,-1.016818767719281646e-01,-4.627331103523111833e-01,-1.365404788859672647e-01,-1.051390398660064562e+00,4.760276552423227392e-02,5.180313393585069814e-01
-8.396324471731914096e-01,2.120762290963447150e-01,1.307828123758268291e+00,-6.047617396891807884e-02,1.052381682178995526e+00,5.001108802711937695e-01,2.223147745273170162e-01,-2.563168936896427774e-01,7.988442445456783725e-01,-4.009861578964010187e-01,-1.452057953927527179e-01,1.426316860787027352e+00,2.488441614331128093e+00,1.233150007821196326e+00,3.444857670251557646e-01,9.890171640489962002e-01,6.100818191105614741e-01,-4.772862704032293513e-01,3.967259701780799785e-01,-1.234286715435093940e-01
-9.831181837457076966e-01,5.279979738963950231e-01,-5.185246164876889940e-01,-2.003471674943394731e+00,-4.369684456784261872e-01,-6.015685817461574603e-01,-2.053916576354412271e+00,-1.838846603758498510e+00,5.932025904415021422e-01,-1.962339649435420053e-01,-5.740397968736423717e-01,1.419255045910951196e+00,9.341797484997248491e-01,-6.322644755405343320e-01,1.020240190810412395e+00,-1.163097994675547642e-01,-2.970782542594085918e-01,2.429091413778038805e-02,1.131485260732245202e+00,-7.077226619453469425e-01
4.008856791041211509e-01,-4.375428685843911203e-01,7.489714180406520372e-02,2.283663648849265093e-01,4.638560261778383320e-01,9.825669780593935254e-01,5.596369302256992695e-01,5.972125044034249930e-01,-8.434326838543182436e-02,1.801213990808534948e+00,3.872290258698318222e-01,-1.006365521678550312e+00,-1.829049808569510049e-01,4.480198012823202180e-01,-5.958700078257612720e-01,1.010767127085269168e+00,8.624190762198100657e-01,4.005306845987061659e-01,-7.080839857776752844e-01,2.793257275784669647e-01
4.516585593883100380e-02,-6.610409875040845762e-01,-4.587585148996353168e-01,-1.450674970011498033e+00,-5.598530837794522125e-03,7.545801891021000629e-02,-1.873627565377722792e+00,1.114924559490279909e+00,2.693048379346126963e-03,-1.844701163628046148e+00,9.610492420988252238e-02,6.089623416545242307e-01,-1.591447875458031458e+00,-1.149563488625606061e-01,-6.251131557016152973e-01,-2.230002235626220297e-01,-9.386823665207297274e-02,1.834502535815762947e-01,-5.589543024792347214e-01,1.718298379186175007e-01
8.179776072548057275e-01,-1.362762941818515539e-01,-1.877796814032954009e-01,-3.242927754747764180e-01,-6.070436736529879473e-01,1.231652624416583297e+00,-8.985271510568036968e-01,-1.265693316393898538e-01,-5.026411478514436482e-01,7.790512201329915509e-01,-9.485468602608926325e-02,-2.773913917431098386e-01,9.687443931111453521e-01,-5.270161816152009182e-01,-9.164547074049835818e-01,8.773534828293616528e-01,8.136690301161890737e-01,-7.474731780653793844e-01,-1.080979903753564564e+00,-3.987099937427024399e-01
-7.742950804868045100e-01,-5.887015974274811825e-02,-1.133750337366185856e-01,-1.153628677297165311e-01,-1.006037659712908372e-01,1.640688196649459085e-02,-5.655419946560742706e-02,4.253907402979072161e-02,5.986259984573301107e-01,9.244773546980858403e-02,-8.658043022778463271e-01,-1.050653836587489565e+00,-3.059525750983919101e-01,-1.657893055989188014e-01,-1.968942211770601525e-01,-1.034925378310082023e-01,-2.270744949474230723e-01,-1.424454175093693709e-01,-1.983767606747432466e-01,-1.229336508179767806e+00
4.936440875248638838e-01,-1.001852084646756430e-01,-1.182495357974631400e-01,2.693621131538465052e-01,-2.856123622013262420e-03,8.078410815841455817e-01,3.768949042069918987e-02,-1.317174788805794305e+00,7.966904882170489088e-02,1.702570152241791313e+00,2.989450480050007131e-01,-4.630217541090509425e-01,4.470241568856782588e-01,-1.117318228125580883e-02,-3.215335054518423386e-01,6.301822284079307002e-01,6.300370840766771341e-01,4.563633634807853223e-01,-4.103065712305478674e-01,1.245383830967327216e-01
-7.408667042040726347e-01,-1.111156257035542938e-01,-1.083012437404661243e+00,-1.694892096942290927e-01,-9.222603412004904966e-01,-2.883329661887955031e-01,1.406322708861990067e-01,-6.701258977272964712e-01,-5.528755497112824990e-01,-7.110405967911112013e-01,4.392595101103727862e-01,-2.484193067050382286e-01,-7.308735859513858513e-01,-1.093770772688933191e+00,5.686718306283619073e-01,-3.126102893569002728e-01,-1.025651414278269530e-01,-4.917301080135276226e-01,7.338937236013918231e-01,4.842103282165021172e-01
4.472120874548314862e-01,8.721020795925686631e-02,4.188068968290521998e-01,-2.074818673771998689e-01,1.669370414247633161e-01,1.035846555604497121e+00,-8.253683418228852098e-01,1.398562092125535505e+00,-7.514116143906729439e-02,7.825788808419774645e-01,6.167047387327326824e-01,1.797539387125904664e+00,-3.568715280255984612e-01,2.981803231239233964e-01,2.197524251485852287e-01,8.538224074391292939e-01,8.803476912104430951e-01,-1.648046206366179822e+00,2.535929543671954223e-01,7.426794245172630982e-01
-2.985612163636626459e-02,7.752414907602184213e-01,-2.364141232322924946e-02,-4.869303359012259746e-01,-2.504069838305024165e-01,8.813773605894750229e-01,-2.488462373089888879e-01,-2.722761011450806068e-01,-3.529718574915842733e-01,-2.792966692783721561e-01,7.547025555697722821e-01,-2.086634979420542546e+00,4.007145654777545529e-02,-2.090793214449095938e-01,7.198683018573017733e-01,8.723112958758891811e-01,8.926839790252333318e-01,-2.123890018045559103e+00,6.083182745616251275e-01,5.512834003417328432e-01
1.390533967073938060e+00,4.773530129854908211e-02,3.105008084595857198e-01,-1.652211366317303531e-01,6.741123370172273921e-01,1.214326367013839891e-01,-2.395615861233020283e-01,2.034762544021153641e+00,8.369975821265254190e-01,9.508336970037996050e-01,-4.743907226962463253e-01,-1.063695591025547893e+00,-4.310963375107570994e-01,5.664472946880068083e-01,6.270562105278958409e-01,2.931124995343067363e-01,2.726500543320636849e-02,-8.601533849246632002e-01,7.265053457811678772e-01,-6.180632312721889843e-01
8.733118360704121841e-01,-4.123489053716089536e-02,-2.861153738434184524e-01,-1.474278601510714271e-01,-5.368916870010340681e-01,2.162634563711637314e-01,-7.987926920972360234e-02,2.198296338670492567e+00,-7.313685056979405408e-01,-1.002668587369790920e+00,9.527414479998035368e-01,-5.895799225452156289e-01,-2.178931520194909321e+00,-4.925143992777878954e-01,3.842273019101446474e-01,2.723920583352649194e-01,4.445633388968557309e-01,-1.240216336407770292e+00,6.052959908475422646e-01,1.316813211624408009e+00
-2.082851030949963433e-01,1.471646567396449334e-01,2.575184232566888332e-01,8.629578912045136052e-01,1.162176367059726684e-01,1.840841081059294004e-01,5.011019538288743469e-01,1.054324974904077727e+00,7.950146999224876054e-02,-3.688353084506694468e-02,-2.079042794053172494e-01,-7.098541821461039625e-01,1.751561327821833658e-02,1.889172813944809959e-01,-4.873925236272098060e-01,4.342436773234383818e-01,2.775523535982896139e-01,4.328376214999939409e-01,-6.251032414924915237e-01,-5.919984392884363178e-01
-7.891021802566502430e-01,7.410504793486048791e-02,-1.960613621251209304e-01,-1.177796666831529560e-01,-6.999745712468022907e-01,3.502572903358502909e-01,1.117774918456237304e-01,-4.001872535163292222e-02,-9.398943307432885419e-01,2.862050418778281854e-02,-1.592916588917921983e-01,-7.399358529652596550e-01,1.315137665720972349e+00,-5.074110529135250625e-01,-5.980311357518482973e-01,8.427637244696480900e-01,5.896547677357805162e-01,1.584338467855317123e-01,-8.311184000884190848e-01,-6.528682495558294496e-01
